global_event_index,buffer,buffer_event_index,ideal_ready_cycle,actual_ready_cycle,pe_next_available_cycle,ideal_compute_start_cycle,actual_compute_start_cycle,actual_compute_end_cycle,exposed_bubble_cycles,buffer_ready_early_slack_cycles,row_switched_this_event,delay_when_needed_cycles
0,ping,0,28,47,28,28,47,63,19,0,0,19
1,pong,0,44,49,63,44,63,79,0,14,0,5
2,ping,1,60,63,79,60,79,95,0,16,0,3
3,pong,1,76,65,95,76,95,111,0,30,0,0
4,ping,2,92,79,111,92,111,127,0,32,0,0
5,pong,2,108,81,127,108,127,143,0,46,0,0
6,ping,3,124,93,143,124,143,159,0,50,0,0
7,pong,3,140,111,159,140,159,175,0,48,0,0
8,ping,4,156,129,175,156,175,191,0,46,0,0
9,pong,4,172,145,191,172,191,207,0,46,0,0
10,ping,5,188,163,207,188,207,223,0,44,0,0
11,pong,5,204,179,223,204,223,239,0,44,0,0
12,ping,6,220,197,239,220,239,255,0,42,0,0
13,pong,6,236,213,255,236,255,271,0,42,0,0
14,ping,7,252,231,271,252,271,287,0,40,0,0
15,pong,7,268,247,287,268,287,303,0,40,0,0
16,ping,8,284,301,303,284,303,319,0,2,1,17
17,pong,8,300,293,319,300,319,335,0,26,1,0
18,ping,9,316,309,335,316,335,351,0,26,0,0
19,pong,9,332,315,351,332,351,367,0,36,0,0
20,ping,10,348,333,367,348,367,383,0,34,0,0
21,pong,10,364,349,383,364,383,399,0,34,0,0
22,ping,11,380,367,399,380,399,415,0,32,0,0
23,pong,11,396,383,415,396,415,431,0,32,0,0
24,ping,12,412,401,431,412,431,447,0,30,0,0
25,pong,12,428,417,447,428,447,463,0,30,0,0
26,ping,13,444,435,463,444,463,479,0,28,0,0
27,pong,13,460,451,479,460,479,495,0,28,0,0
28,ping,14,476,469,495,476,495,511,0,26,0,0
29,pong,14,492,485,511,492,511,527,0,26,0,0
30,ping,15,508,503,527,508,527,543,0,24,0,0
31,pong,15,524,519,543,524,543,559,0,24,0,0
32,ping,16,540,573,559,540,573,589,14,0,1,33
33,pong,16,556,565,589,556,589,605,0,24,1,9
34,ping,17,572,581,605,572,605,621,0,24,0,9
35,pong,17,588,587,621,588,621,637,0,34,0,0
36,ping,18,604,605,637,604,637,653,0,32,0,1
37,pong,18,620,621,653,620,653,669,0,32,0,1
38,ping,19,636,639,669,636,669,685,0,30,0,3
39,pong,19,652,655,685,652,685,701,0,30,0,3
40,ping,20,668,673,701,668,701,717,0,28,0,5
41,pong,20,684,689,717,684,717,733,0,28,0,5
42,ping,21,700,707,733,700,733,749,0,26,0,7
43,pong,21,716,723,749,716,749,765,0,26,0,7
44,ping,22,732,741,765,732,765,781,0,24,0,9
45,pong,22,748,757,781,748,781,797,0,24,0,9
46,ping,23,764,775,797,764,797,813,0,22,0,11
47,pong,23,780,791,813,780,813,829,0,22,0,11
48,ping,24,796,845,829,796,845,861,16,0,1,49
49,pong,24,812,837,861,812,861,877,0,24,1,25
50,ping,25,828,853,877,828,877,893,0,24,0,25
51,pong,25,844,859,893,844,893,909,0,34,0,15
52,ping,26,860,877,909,860,909,925,0,32,0,17
53,pong,26,876,893,925,876,925,941,0,32,0,17
54,ping,27,892,911,941,892,941,957,0,30,0,19
55,pong,27,908,927,957,908,957,973,0,30,0,19
56,ping,28,924,945,973,924,973,989,0,28,0,21
57,pong,28,940,961,989,940,989,1005,0,28,0,21
58,ping,29,956,979,1005,956,1005,1021,0,26,0,23
59,pong,29,972,995,1021,972,1021,1037,0,26,0,23
60,ping,30,988,1013,1037,988,1037,1053,0,24,0,25
61,pong,30,1004,1029,1053,1004,1053,1069,0,24,0,25
62,ping,31,1020,1047,1069,1020,1069,1085,0,22,0,27
63,pong,31,1036,1063,1085,1036,1085,1101,0,22,0,27
64,ping,32,1052,1117,1101,1052,1117,1133,16,0,1,65
65,pong,32,1068,1109,1133,1068,1133,1149,0,24,1,41
66,ping,33,1084,1125,1149,1084,1149,1165,0,24,0,41
67,pong,33,1100,1131,1165,1100,1165,1181,0,34,0,31
68,ping,34,1116,1149,1181,1116,1181,1197,0,32,0,33
69,pong,34,1132,1165,1197,1132,1197,1213,0,32,0,33
70,ping,35,1148,1183,1213,1148,1213,1229,0,30,0,35
71,pong,35,1164,1199,1229,1164,1229,1245,0,30,0,35
72,ping,36,1180,1217,1245,1180,1245,1261,0,28,0,37
73,pong,36,1196,1233,1261,1196,1261,1277,0,28,0,37
74,ping,37,1212,1251,1277,1212,1277,1293,0,26,0,39
75,pong,37,1228,1267,1293,1228,1293,1309,0,26,0,39
76,ping,38,1244,1285,1309,1244,1309,1325,0,24,0,41
77,pong,38,1260,1301,1325,1260,1325,1341,0,24,0,41
78,ping,39,1276,1319,1341,1276,1341,1357,0,22,0,43
79,pong,39,1292,1335,1357,1292,1357,1373,0,22,0,43
80,ping,40,1308,1389,1373,1308,1389,1405,16,0,1,81
81,pong,40,1324,1381,1405,1324,1405,1421,0,24,1,57
82,ping,41,1340,1397,1421,1340,1421,1437,0,24,0,57
83,pong,41,1356,1403,1437,1356,1437,1453,0,34,0,47
84,ping,42,1372,1421,1453,1372,1453,1469,0,32,0,49
85,pong,42,1388,1437,1469,1388,1469,1485,0,32,0,49
86,ping,43,1404,1455,1485,1404,1485,1501,0,30,0,51
87,pong,43,1420,1471,1501,1420,1501,1517,0,30,0,51
88,ping,44,1436,1489,1517,1436,1517,1533,0,28,0,53
89,pong,44,1452,1505,1533,1452,1533,1549,0,28,0,53
90,ping,45,1468,1523,1549,1468,1549,1565,0,26,0,55
91,pong,45,1484,1539,1565,1484,1565,1581,0,26,0,55
92,ping,46,1500,1557,1581,1500,1581,1597,0,24,0,57
93,pong,46,1516,1573,1597,1516,1597,1613,0,24,0,57
94,ping,47,1532,1591,1613,1532,1613,1629,0,22,0,59
95,pong,47,1548,1607,1629,1548,1629,1645,0,22,0,59
96,ping,48,1564,1661,1645,1564,1661,1677,16,0,1,97
97,pong,48,1580,1653,1677,1580,1677,1693,0,24,1,73
98,ping,49,1596,1669,1693,1596,1693,1709,0,24,0,73
99,pong,49,1612,1675,1709,1612,1709,1725,0,34,0,63
100,ping,50,1628,1693,1725,1628,1725,1741,0,32,0,65
101,pong,50,1644,1709,1741,1644,1741,1757,0,32,0,65
102,ping,51,1660,1727,1757,1660,1757,1773,0,30,0,67
103,pong,51,1676,1743,1773,1676,1773,1789,0,30,0,67
104,ping,52,1692,1761,1789,1692,1789,1805,0,28,0,69
105,pong,52,1708,1777,1805,1708,1805,1821,0,28,0,69
106,ping,53,1724,1795,1821,1724,1821,1837,0,26,0,71
107,pong,53,1740,1811,1837,1740,1837,1853,0,26,0,71
108,ping,54,1756,1829,1853,1756,1853,1869,0,24,0,73
109,pong,54,1772,1845,1869,1772,1869,1885,0,24,0,73
110,ping,55,1788,1863,1885,1788,1885,1901,0,22,0,75
111,pong,55,1804,1879,1901,1804,1901,1917,0,22,0,75
112,ping,56,1820,1933,1917,1820,1933,1949,16,0,1,113
113,pong,56,1836,1925,1949,1836,1949,1965,0,24,1,89
114,ping,57,1852,1941,1965,1852,1965,1981,0,24,0,89
115,pong,57,1868,1947,1981,1868,1981,1997,0,34,0,79
116,ping,58,1884,1965,1997,1884,1997,2013,0,32,0,81
117,pong,58,1900,1981,2013,1900,2013,2029,0,32,0,81
118,ping,59,1916,1999,2029,1916,2029,2045,0,30,0,83
119,pong,59,1932,2015,2045,1932,2045,2061,0,30,0,83
120,ping,60,1948,2033,2061,1948,2061,2077,0,28,0,85
121,pong,60,1964,2049,2077,1964,2077,2093,0,28,0,85
122,ping,61,1980,2067,2093,1980,2093,2109,0,26,0,87
123,pong,61,1996,2083,2109,1996,2109,2125,0,26,0,87
124,ping,62,2012,2101,2125,2012,2125,2141,0,24,0,89
125,pong,62,2028,2117,2141,2028,2141,2157,0,24,0,89
126,ping,63,2044,2135,2157,2044,2157,2173,0,22,0,91
127,pong,63,2060,2151,2173,2060,2173,2189,0,22,0,91
128,ping,64,2076,2205,2189,2076,2205,2221,16,0,1,129
129,pong,64,2092,2197,2221,2092,2221,2237,0,24,1,105
130,ping,65,2108,2213,2237,2108,2237,2253,0,24,0,105
131,pong,65,2124,2219,2253,2124,2253,2269,0,34,0,95
132,ping,66,2140,2237,2269,2140,2269,2285,0,32,0,97
133,pong,66,2156,2253,2285,2156,2285,2301,0,32,0,97
134,ping,67,2172,2271,2301,2172,2301,2317,0,30,0,99
135,pong,67,2188,2287,2317,2188,2317,2333,0,30,0,99
136,ping,68,2204,2305,2333,2204,2333,2349,0,28,0,101
137,pong,68,2220,2321,2349,2220,2349,2365,0,28,0,101
138,ping,69,2236,2339,2365,2236,2365,2381,0,26,0,103
139,pong,69,2252,2355,2381,2252,2381,2397,0,26,0,103
140,ping,70,2268,2373,2397,2268,2397,2413,0,24,0,105
141,pong,70,2284,2389,2413,2284,2413,2429,0,24,0,105
142,ping,71,2300,2407,2429,2300,2429,2445,0,22,0,107
143,pong,71,2316,2423,2445,2316,2445,2461,0,22,0,107
144,ping,72,2332,2477,2461,2332,2477,2493,16,0,1,145
145,pong,72,2348,2469,2493,2348,2493,2509,0,24,1,121
146,ping,73,2364,2485,2509,2364,2509,2525,0,24,0,121
147,pong,73,2380,2491,2525,2380,2525,2541,0,34,0,111
148,ping,74,2396,2509,2541,2396,2541,2557,0,32,0,113
149,pong,74,2412,2525,2557,2412,2557,2573,0,32,0,113
150,ping,75,2428,2543,2573,2428,2573,2589,0,30,0,115
151,pong,75,2444,2559,2589,2444,2589,2605,0,30,0,115
152,ping,76,2460,2577,2605,2460,2605,2621,0,28,0,117
153,pong,76,2476,2593,2621,2476,2621,2637,0,28,0,117
154,ping,77,2492,2611,2637,2492,2637,2653,0,26,0,119
155,pong,77,2508,2627,2653,2508,2653,2669,0,26,0,119
156,ping,78,2524,2645,2669,2524,2669,2685,0,24,0,121
157,pong,78,2540,2661,2685,2540,2685,2701,0,24,0,121
158,ping,79,2556,2679,2701,2556,2701,2717,0,22,0,123
159,pong,79,2572,2695,2717,2572,2717,2733,0,22,0,123
160,ping,80,2588,2749,2733,2588,2749,2765,16,0,1,161
161,pong,80,2604,2741,2765,2604,2765,2781,0,24,1,137
162,ping,81,2620,2757,2781,2620,2781,2797,0,24,0,137
163,pong,81,2636,2763,2797,2636,2797,2813,0,34,0,127
164,ping,82,2652,2781,2813,2652,2813,2829,0,32,0,129
165,pong,82,2668,2797,2829,2668,2829,2845,0,32,0,129
166,ping,83,2684,2815,2845,2684,2845,2861,0,30,0,131
167,pong,83,2700,2831,2861,2700,2861,2877,0,30,0,131
168,ping,84,2716,2849,2877,2716,2877,2893,0,28,0,133
169,pong,84,2732,2865,2893,2732,2893,2909,0,28,0,133
170,ping,85,2748,2883,2909,2748,2909,2925,0,26,0,135
171,pong,85,2764,2899,2925,2764,2925,2941,0,26,0,135
172,ping,86,2780,2917,2941,2780,2941,2957,0,24,0,137
173,pong,86,2796,2933,2957,2796,2957,2973,0,24,0,137
174,ping,87,2812,2951,2973,2812,2973,2989,0,22,0,139
175,pong,87,2828,2967,2989,2828,2989,3005,0,22,0,139
176,ping,88,2844,3021,3005,2844,3021,3037,16,0,1,177
177,pong,88,2860,3013,3037,2860,3037,3053,0,24,1,153
178,ping,89,2876,3029,3053,2876,3053,3069,0,24,0,153
179,pong,89,2892,3035,3069,2892,3069,3085,0,34,0,143
180,ping,90,2908,3053,3085,2908,3085,3101,0,32,0,145
181,pong,90,2924,3069,3101,2924,3101,3117,0,32,0,145
182,ping,91,2940,3087,3117,2940,3117,3133,0,30,0,147
183,pong,91,2956,3103,3133,2956,3133,3149,0,30,0,147
184,ping,92,2972,3121,3149,2972,3149,3165,0,28,0,149
185,pong,92,2988,3137,3165,2988,3165,3181,0,28,0,149
186,ping,93,3004,3155,3181,3004,3181,3197,0,26,0,151
187,pong,93,3020,3171,3197,3020,3197,3213,0,26,0,151
188,ping,94,3036,3189,3213,3036,3213,3229,0,24,0,153
189,pong,94,3052,3205,3229,3052,3229,3245,0,24,0,153
190,ping,95,3068,3223,3245,3068,3245,3261,0,22,0,155
191,pong,95,3084,3239,3261,3084,3261,3277,0,22,0,155
192,ping,96,3100,3293,3277,3100,3293,3309,16,0,1,193
193,pong,96,3116,3285,3309,3116,3309,3325,0,24,1,169
194,ping,97,3132,3301,3325,3132,3325,3341,0,24,0,169
195,pong,97,3148,3307,3341,3148,3341,3357,0,34,0,159
196,ping,98,3164,3325,3357,3164,3357,3373,0,32,0,161
197,pong,98,3180,3341,3373,3180,3373,3389,0,32,0,161
198,ping,99,3196,3359,3389,3196,3389,3405,0,30,0,163
199,pong,99,3212,3375,3405,3212,3405,3421,0,30,0,163
200,ping,100,3228,3393,3421,3228,3421,3437,0,28,0,165
201,pong,100,3244,3409,3437,3244,3437,3453,0,28,0,165
202,ping,101,3260,3427,3453,3260,3453,3469,0,26,0,167
203,pong,101,3276,3443,3469,3276,3469,3485,0,26,0,167
204,ping,102,3292,3461,3485,3292,3485,3501,0,24,0,169
205,pong,102,3308,3477,3501,3308,3501,3517,0,24,0,169
206,ping,103,3324,3495,3517,3324,3517,3533,0,22,0,171
207,pong,103,3340,3511,3533,3340,3533,3549,0,22,0,171
208,ping,104,3356,3565,3549,3356,3565,3581,16,0,1,209
209,pong,104,3372,3557,3581,3372,3581,3597,0,24,1,185
210,ping,105,3388,3573,3597,3388,3597,3613,0,24,0,185
211,pong,105,3404,3579,3613,3404,3613,3629,0,34,0,175
212,ping,106,3420,3597,3629,3420,3629,3645,0,32,0,177
213,pong,106,3436,3613,3645,3436,3645,3661,0,32,0,177
214,ping,107,3452,3631,3661,3452,3661,3677,0,30,0,179
215,pong,107,3468,3647,3677,3468,3677,3693,0,30,0,179
216,ping,108,3484,3665,3693,3484,3693,3709,0,28,0,181
217,pong,108,3500,3681,3709,3500,3709,3725,0,28,0,181
218,ping,109,3516,3699,3725,3516,3725,3741,0,26,0,183
219,pong,109,3532,3715,3741,3532,3741,3757,0,26,0,183
220,ping,110,3548,3733,3757,3548,3757,3773,0,24,0,185
221,pong,110,3564,3749,3773,3564,3773,3789,0,24,0,185
222,ping,111,3580,3767,3789,3580,3789,3805,0,22,0,187
223,pong,111,3596,3783,3805,3596,3805,3821,0,22,0,187
224,ping,112,3612,3837,3821,3612,3837,3853,16,0,1,225
225,pong,112,3628,3829,3853,3628,3853,3869,0,24,1,201
226,ping,113,3644,3845,3869,3644,3869,3885,0,24,0,201
227,pong,113,3660,3851,3885,3660,3885,3901,0,34,0,191
228,ping,114,3676,3869,3901,3676,3901,3917,0,32,0,193
229,pong,114,3692,3885,3917,3692,3917,3933,0,32,0,193
230,ping,115,3708,3903,3933,3708,3933,3949,0,30,0,195
231,pong,115,3724,3919,3949,3724,3949,3965,0,30,0,195
232,ping,116,3740,3937,3965,3740,3965,3981,0,28,0,197
233,pong,116,3756,3953,3981,3756,3981,3997,0,28,0,197
234,ping,117,3772,3971,3997,3772,3997,4013,0,26,0,199
235,pong,117,3788,3987,4013,3788,4013,4029,0,26,0,199
236,ping,118,3804,4005,4029,3804,4029,4045,0,24,0,201
237,pong,118,3820,4021,4045,3820,4045,4061,0,24,0,201
238,ping,119,3836,4039,4061,3836,4061,4077,0,22,0,203
239,pong,119,3852,4055,4077,3852,4077,4093,0,22,0,203
240,ping,120,3868,4109,4093,3868,4109,4125,16,0,1,241
241,pong,120,3884,4101,4125,3884,4125,4141,0,24,1,217
242,ping,121,3900,4117,4141,3900,4141,4157,0,24,0,217
243,pong,121,3916,4123,4157,3916,4157,4173,0,34,0,207
244,ping,122,3932,4141,4173,3932,4173,4189,0,32,0,209
245,pong,122,3948,4157,4189,3948,4189,4205,0,32,0,209
246,ping,123,3964,4175,4205,3964,4205,4221,0,30,0,211
247,pong,123,3980,4191,4221,3980,4221,4237,0,30,0,211
248,ping,124,3996,4209,4237,3996,4237,4253,0,28,0,213
249,pong,124,4012,4225,4253,4012,4253,4269,0,28,0,213
250,ping,125,4028,4243,4269,4028,4269,4285,0,26,0,215
251,pong,125,4044,4259,4285,4044,4285,4301,0,26,0,215
252,ping,126,4060,4277,4301,4060,4301,4317,0,24,0,217
253,pong,126,4076,4293,4317,4076,4317,4333,0,24,0,217
254,ping,127,4092,4311,4333,4092,4333,4349,0,22,0,219
255,pong,127,4108,4327,4349,4108,4349,4365,0,22,0,219
256,ping,128,4124,4381,4365,4124,4381,4397,16,0,1,257
257,pong,128,4140,4373,4397,4140,4397,4413,0,24,1,233
258,ping,129,4156,4389,4413,4156,4413,4429,0,24,0,233
259,pong,129,4172,4395,4429,4172,4429,4445,0,34,0,223
260,ping,130,4188,4413,4445,4188,4445,4461,0,32,0,225
261,pong,130,4204,4429,4461,4204,4461,4477,0,32,0,225
262,ping,131,4220,4447,4477,4220,4477,4493,0,30,0,227
263,pong,131,4236,4463,4493,4236,4493,4509,0,30,0,227
264,ping,132,4252,4481,4509,4252,4509,4525,0,28,0,229
265,pong,132,4268,4497,4525,4268,4525,4541,0,28,0,229
266,ping,133,4284,4515,4541,4284,4541,4557,0,26,0,231
267,pong,133,4300,4531,4557,4300,4557,4573,0,26,0,231
268,ping,134,4316,4549,4573,4316,4573,4589,0,24,0,233
269,pong,134,4332,4565,4589,4332,4589,4605,0,24,0,233
270,ping,135,4348,4583,4605,4348,4605,4621,0,22,0,235
271,pong,135,4364,4599,4621,4364,4621,4637,0,22,0,235
272,ping,136,4380,4653,4637,4380,4653,4669,16,0,1,273
273,pong,136,4396,4645,4669,4396,4669,4685,0,24,1,249
274,ping,137,4412,4661,4685,4412,4685,4701,0,24,0,249
275,pong,137,4428,4667,4701,4428,4701,4717,0,34,0,239
276,ping,138,4444,4685,4717,4444,4717,4733,0,32,0,241
277,pong,138,4460,4701,4733,4460,4733,4749,0,32,0,241
278,ping,139,4476,4719,4749,4476,4749,4765,0,30,0,243
279,pong,139,4492,4735,4765,4492,4765,4781,0,30,0,243
280,ping,140,4508,4753,4781,4508,4781,4797,0,28,0,245
281,pong,140,4524,4769,4797,4524,4797,4813,0,28,0,245
282,ping,141,4540,4787,4813,4540,4813,4829,0,26,0,247
283,pong,141,4556,4803,4829,4556,4829,4845,0,26,0,247
284,ping,142,4572,4821,4845,4572,4845,4861,0,24,0,249
285,pong,142,4588,4837,4861,4588,4861,4877,0,24,0,249
286,ping,143,4604,4855,4877,4604,4877,4893,0,22,0,251
287,pong,143,4620,4871,4893,4620,4893,4909,0,22,0,251
288,ping,144,4636,4925,4909,4636,4925,4941,16,0,1,289
289,pong,144,4652,4917,4941,4652,4941,4957,0,24,1,265
290,ping,145,4668,4933,4957,4668,4957,4973,0,24,0,265
291,pong,145,4684,4939,4973,4684,4973,4989,0,34,0,255
292,ping,146,4700,4957,4989,4700,4989,5005,0,32,0,257
293,pong,146,4716,4973,5005,4716,5005,5021,0,32,0,257
294,ping,147,4732,4991,5021,4732,5021,5037,0,30,0,259
295,pong,147,4748,5007,5037,4748,5037,5053,0,30,0,259
296,ping,148,4764,5025,5053,4764,5053,5069,0,28,0,261
297,pong,148,4780,5041,5069,4780,5069,5085,0,28,0,261
298,ping,149,4796,5059,5085,4796,5085,5101,0,26,0,263
299,pong,149,4812,5075,5101,4812,5101,5117,0,26,0,263
300,ping,150,4828,5093,5117,4828,5117,5133,0,24,0,265
301,pong,150,4844,5109,5133,4844,5133,5149,0,24,0,265
302,ping,151,4860,5127,5149,4860,5149,5165,0,22,0,267
303,pong,151,4876,5143,5165,4876,5165,5181,0,22,0,267
304,ping,152,4892,5197,5181,4892,5197,5213,16,0,1,305
305,pong,152,4908,5189,5213,4908,5213,5229,0,24,1,281
306,ping,153,4924,5205,5229,4924,5229,5245,0,24,0,281
307,pong,153,4940,5211,5245,4940,5245,5261,0,34,0,271
308,ping,154,4956,5229,5261,4956,5261,5277,0,32,0,273
309,pong,154,4972,5245,5277,4972,5277,5293,0,32,0,273
310,ping,155,4988,5263,5293,4988,5293,5309,0,30,0,275
311,pong,155,5004,5279,5309,5004,5309,5325,0,30,0,275
312,ping,156,5020,5297,5325,5020,5325,5341,0,28,0,277
313,pong,156,5036,5313,5341,5036,5341,5357,0,28,0,277
314,ping,157,5052,5331,5357,5052,5357,5373,0,26,0,279
315,pong,157,5068,5347,5373,5068,5373,5389,0,26,0,279
316,ping,158,5084,5365,5389,5084,5389,5405,0,24,0,281
317,pong,158,5100,5381,5405,5100,5405,5421,0,24,0,281
318,ping,159,5116,5399,5421,5116,5421,5437,0,22,0,283
319,pong,159,5132,5415,5437,5132,5437,5453,0,22,0,283
320,ping,160,5148,5469,5453,5148,5469,5485,16,0,1,321
321,pong,160,5164,5461,5485,5164,5485,5501,0,24,1,297
322,ping,161,5180,5477,5501,5180,5501,5517,0,24,0,297
323,pong,161,5196,5483,5517,5196,5517,5533,0,34,0,287
324,ping,162,5212,5501,5533,5212,5533,5549,0,32,0,289
325,pong,162,5228,5517,5549,5228,5549,5565,0,32,0,289
326,ping,163,5244,5535,5565,5244,5565,5581,0,30,0,291
327,pong,163,5260,5551,5581,5260,5581,5597,0,30,0,291
328,ping,164,5276,5569,5597,5276,5597,5613,0,28,0,293
329,pong,164,5292,5585,5613,5292,5613,5629,0,28,0,293
330,ping,165,5308,5603,5629,5308,5629,5645,0,26,0,295
331,pong,165,5324,5619,5645,5324,5645,5661,0,26,0,295
332,ping,166,5340,5637,5661,5340,5661,5677,0,24,0,297
333,pong,166,5356,5653,5677,5356,5677,5693,0,24,0,297
334,ping,167,5372,5671,5693,5372,5693,5709,0,22,0,299
335,pong,167,5388,5687,5709,5388,5709,5725,0,22,0,299
336,ping,168,5404,5741,5725,5404,5741,5757,16,0,1,337
337,pong,168,5420,5733,5757,5420,5757,5773,0,24,1,313
338,ping,169,5436,5749,5773,5436,5773,5789,0,24,0,313
339,pong,169,5452,5755,5789,5452,5789,5805,0,34,0,303
340,ping,170,5468,5773,5805,5468,5805,5821,0,32,0,305
341,pong,170,5484,5789,5821,5484,5821,5837,0,32,0,305
342,ping,171,5500,5807,5837,5500,5837,5853,0,30,0,307
343,pong,171,5516,5823,5853,5516,5853,5869,0,30,0,307
344,ping,172,5532,5841,5869,5532,5869,5885,0,28,0,309
345,pong,172,5548,5857,5885,5548,5885,5901,0,28,0,309
346,ping,173,5564,5875,5901,5564,5901,5917,0,26,0,311
347,pong,173,5580,5891,5917,5580,5917,5933,0,26,0,311
348,ping,174,5596,5909,5933,5596,5933,5949,0,24,0,313
349,pong,174,5612,5925,5949,5612,5949,5965,0,24,0,313
350,ping,175,5628,5943,5965,5628,5965,5981,0,22,0,315
351,pong,175,5644,5959,5981,5644,5981,5997,0,22,0,315
352,ping,176,5660,6013,5997,5660,6013,6029,16,0,1,353
353,pong,176,5676,6005,6029,5676,6029,6045,0,24,1,329
354,ping,177,5692,6021,6045,5692,6045,6061,0,24,0,329
355,pong,177,5708,6027,6061,5708,6061,6077,0,34,0,319
356,ping,178,5724,6045,6077,5724,6077,6093,0,32,0,321
357,pong,178,5740,6061,6093,5740,6093,6109,0,32,0,321
358,ping,179,5756,6079,6109,5756,6109,6125,0,30,0,323
359,pong,179,5772,6095,6125,5772,6125,6141,0,30,0,323
360,ping,180,5788,6113,6141,5788,6141,6157,0,28,0,325
361,pong,180,5804,6129,6157,5804,6157,6173,0,28,0,325
362,ping,181,5820,6147,6173,5820,6173,6189,0,26,0,327
363,pong,181,5836,6163,6189,5836,6189,6205,0,26,0,327
364,ping,182,5852,6181,6205,5852,6205,6221,0,24,0,329
365,pong,182,5868,6197,6221,5868,6221,6237,0,24,0,329
366,ping,183,5884,6215,6237,5884,6237,6253,0,22,0,331
367,pong,183,5900,6231,6253,5900,6253,6269,0,22,0,331
368,ping,184,5916,6285,6269,5916,6285,6301,16,0,1,369
369,pong,184,5932,6277,6301,5932,6301,6317,0,24,1,345
370,ping,185,5948,6293,6317,5948,6317,6333,0,24,0,345
371,pong,185,5964,6299,6333,5964,6333,6349,0,34,0,335
372,ping,186,5980,6317,6349,5980,6349,6365,0,32,0,337
373,pong,186,5996,6333,6365,5996,6365,6381,0,32,0,337
374,ping,187,6012,6351,6381,6012,6381,6397,0,30,0,339
375,pong,187,6028,6367,6397,6028,6397,6413,0,30,0,339
376,ping,188,6044,6385,6413,6044,6413,6429,0,28,0,341
377,pong,188,6060,6401,6429,6060,6429,6445,0,28,0,341
378,ping,189,6076,6419,6445,6076,6445,6461,0,26,0,343
379,pong,189,6092,6435,6461,6092,6461,6477,0,26,0,343
380,ping,190,6108,6453,6477,6108,6477,6493,0,24,0,345
381,pong,190,6124,6469,6493,6124,6493,6509,0,24,0,345
382,ping,191,6140,6487,6509,6140,6509,6525,0,22,0,347
383,pong,191,6156,6503,6525,6156,6525,6541,0,22,0,347
384,ping,192,6172,6557,6541,6172,6557,6573,16,0,1,385
385,pong,192,6188,6549,6573,6188,6573,6589,0,24,1,361
386,ping,193,6204,6565,6589,6204,6589,6605,0,24,0,361
387,pong,193,6220,6571,6605,6220,6605,6621,0,34,0,351
388,ping,194,6236,6589,6621,6236,6621,6637,0,32,0,353
389,pong,194,6252,6605,6637,6252,6637,6653,0,32,0,353
390,ping,195,6268,6623,6653,6268,6653,6669,0,30,0,355
391,pong,195,6284,6639,6669,6284,6669,6685,0,30,0,355
392,ping,196,6300,6657,6685,6300,6685,6701,0,28,0,357
393,pong,196,6316,6673,6701,6316,6701,6717,0,28,0,357
394,ping,197,6332,6691,6717,6332,6717,6733,0,26,0,359
395,pong,197,6348,6707,6733,6348,6733,6749,0,26,0,359
396,ping,198,6364,6725,6749,6364,6749,6765,0,24,0,361
397,pong,198,6380,6741,6765,6380,6765,6781,0,24,0,361
398,ping,199,6396,6759,6781,6396,6781,6797,0,22,0,363
399,pong,199,6412,6775,6797,6412,6797,6813,0,22,0,363
400,ping,200,6428,6829,6813,6428,6829,6845,16,0,1,401
401,pong,200,6444,6821,6845,6444,6845,6861,0,24,1,377
402,ping,201,6460,6837,6861,6460,6861,6877,0,24,0,377
403,pong,201,6476,6843,6877,6476,6877,6893,0,34,0,367
404,ping,202,6492,6861,6893,6492,6893,6909,0,32,0,369
405,pong,202,6508,6877,6909,6508,6909,6925,0,32,0,369
406,ping,203,6524,6895,6925,6524,6925,6941,0,30,0,371
407,pong,203,6540,6911,6941,6540,6941,6957,0,30,0,371
408,ping,204,6556,6929,6957,6556,6957,6973,0,28,0,373
409,pong,204,6572,6945,6973,6572,6973,6989,0,28,0,373
410,ping,205,6588,6963,6989,6588,6989,7005,0,26,0,375
411,pong,205,6604,6979,7005,6604,7005,7021,0,26,0,375
412,ping,206,6620,6997,7021,6620,7021,7037,0,24,0,377
413,pong,206,6636,7013,7037,6636,7037,7053,0,24,0,377
414,ping,207,6652,7031,7053,6652,7053,7069,0,22,0,379
415,pong,207,6668,7047,7069,6668,7069,7085,0,22,0,379
416,ping,208,6684,7101,7085,6684,7101,7117,16,0,1,417
417,pong,208,6700,7093,7117,6700,7117,7133,0,24,1,393
418,ping,209,6716,7109,7133,6716,7133,7149,0,24,0,393
419,pong,209,6732,7115,7149,6732,7149,7165,0,34,0,383
420,ping,210,6748,7133,7165,6748,7165,7181,0,32,0,385
421,pong,210,6764,7149,7181,6764,7181,7197,0,32,0,385
422,ping,211,6780,7167,7197,6780,7197,7213,0,30,0,387
423,pong,211,6796,7183,7213,6796,7213,7229,0,30,0,387
424,ping,212,6812,7201,7229,6812,7229,7245,0,28,0,389
425,pong,212,6828,7217,7245,6828,7245,7261,0,28,0,389
426,ping,213,6844,7235,7261,6844,7261,7277,0,26,0,391
427,pong,213,6860,7251,7277,6860,7277,7293,0,26,0,391
428,ping,214,6876,7269,7293,6876,7293,7309,0,24,0,393
429,pong,214,6892,7285,7309,6892,7309,7325,0,24,0,393
430,ping,215,6908,7303,7325,6908,7325,7341,0,22,0,395
431,pong,215,6924,7319,7341,6924,7341,7357,0,22,0,395
432,ping,216,6940,7373,7357,6940,7373,7389,16,0,1,433
433,pong,216,6956,7365,7389,6956,7389,7405,0,24,1,409
434,ping,217,6972,7381,7405,6972,7405,7421,0,24,0,409
435,pong,217,6988,7387,7421,6988,7421,7437,0,34,0,399
436,ping,218,7004,7405,7437,7004,7437,7453,0,32,0,401
437,pong,218,7020,7421,7453,7020,7453,7469,0,32,0,401
438,ping,219,7036,7439,7469,7036,7469,7485,0,30,0,403
439,pong,219,7052,7455,7485,7052,7485,7501,0,30,0,403
440,ping,220,7068,7473,7501,7068,7501,7517,0,28,0,405
441,pong,220,7084,7489,7517,7084,7517,7533,0,28,0,405
442,ping,221,7100,7507,7533,7100,7533,7549,0,26,0,407
443,pong,221,7116,7523,7549,7116,7549,7565,0,26,0,407
444,ping,222,7132,7541,7565,7132,7565,7581,0,24,0,409
445,pong,222,7148,7557,7581,7148,7581,7597,0,24,0,409
446,ping,223,7164,7575,7597,7164,7597,7613,0,22,0,411
447,pong,223,7180,7591,7613,7180,7613,7629,0,22,0,411
448,ping,224,7196,7645,7629,7196,7645,7661,16,0,1,449
449,pong,224,7212,7637,7661,7212,7661,7677,0,24,1,425
450,ping,225,7228,7653,7677,7228,7677,7693,0,24,0,425
451,pong,225,7244,7659,7693,7244,7693,7709,0,34,0,415
452,ping,226,7260,7677,7709,7260,7709,7725,0,32,0,417
453,pong,226,7276,7693,7725,7276,7725,7741,0,32,0,417
454,ping,227,7292,7711,7741,7292,7741,7757,0,30,0,419
455,pong,227,7308,7727,7757,7308,7757,7773,0,30,0,419
456,ping,228,7324,7745,7773,7324,7773,7789,0,28,0,421
457,pong,228,7340,7761,7789,7340,7789,7805,0,28,0,421
458,ping,229,7356,7779,7805,7356,7805,7821,0,26,0,423
459,pong,229,7372,7795,7821,7372,7821,7837,0,26,0,423
460,ping,230,7388,7813,7837,7388,7837,7853,0,24,0,425
461,pong,230,7404,7829,7853,7404,7853,7869,0,24,0,425
462,ping,231,7420,7847,7869,7420,7869,7885,0,22,0,427
463,pong,231,7436,7863,7885,7436,7885,7901,0,22,0,427
464,ping,232,7452,7917,7901,7452,7917,7933,16,0,1,465
465,pong,232,7468,7909,7933,7468,7933,7949,0,24,1,441
466,ping,233,7484,7925,7949,7484,7949,7965,0,24,0,441
467,pong,233,7500,7931,7965,7500,7965,7981,0,34,0,431
468,ping,234,7516,7949,7981,7516,7981,7997,0,32,0,433
469,pong,234,7532,7965,7997,7532,7997,8013,0,32,0,433
470,ping,235,7548,7983,8013,7548,8013,8029,0,30,0,435
471,pong,235,7564,7999,8029,7564,8029,8045,0,30,0,435
472,ping,236,7580,8017,8045,7580,8045,8061,0,28,0,437
473,pong,236,7596,8033,8061,7596,8061,8077,0,28,0,437
474,ping,237,7612,8051,8077,7612,8077,8093,0,26,0,439
475,pong,237,7628,8067,8093,7628,8093,8109,0,26,0,439
476,ping,238,7644,8085,8109,7644,8109,8125,0,24,0,441
477,pong,238,7660,8101,8125,7660,8125,8141,0,24,0,441
478,ping,239,7676,8119,8141,7676,8141,8157,0,22,0,443
479,pong,239,7692,8135,8157,7692,8157,8173,0,22,0,443
480,ping,240,7708,8189,8173,7708,8189,8205,16,0,1,481
481,pong,240,7724,8181,8205,7724,8205,8221,0,24,1,457
482,ping,241,7740,8197,8221,7740,8221,8237,0,24,0,457
483,pong,241,7756,8203,8237,7756,8237,8253,0,34,0,447
484,ping,242,7772,8221,8253,7772,8253,8269,0,32,0,449
485,pong,242,7788,8237,8269,7788,8269,8285,0,32,0,449
486,ping,243,7804,8255,8285,7804,8285,8301,0,30,0,451
487,pong,243,7820,8271,8301,7820,8301,8317,0,30,0,451
488,ping,244,7836,8289,8317,7836,8317,8333,0,28,0,453
489,pong,244,7852,8305,8333,7852,8333,8349,0,28,0,453
490,ping,245,7868,8323,8349,7868,8349,8365,0,26,0,455
491,pong,245,7884,8339,8365,7884,8365,8381,0,26,0,455
492,ping,246,7900,8357,8381,7900,8381,8397,0,24,0,457
493,pong,246,7916,8373,8397,7916,8397,8413,0,24,0,457
494,ping,247,7932,8391,8413,7932,8413,8429,0,22,0,459
495,pong,247,7948,8407,8429,7948,8429,8445,0,22,0,459
496,ping,248,7964,8461,8445,7964,8461,8477,16,0,1,497
497,pong,248,7980,8453,8477,7980,8477,8493,0,24,1,473
498,ping,249,7996,8469,8493,7996,8493,8509,0,24,0,473
499,pong,249,8012,8475,8509,8012,8509,8525,0,34,0,463
500,ping,250,8028,8493,8525,8028,8525,8541,0,32,0,465
501,pong,250,8044,8509,8541,8044,8541,8557,0,32,0,465
502,ping,251,8060,8527,8557,8060,8557,8573,0,30,0,467
503,pong,251,8076,8543,8573,8076,8573,8589,0,30,0,467
504,ping,252,8092,8561,8589,8092,8589,8605,0,28,0,469
505,pong,252,8108,8577,8605,8108,8605,8621,0,28,0,469
506,ping,253,8124,8595,8621,8124,8621,8637,0,26,0,471
507,pong,253,8140,8611,8637,8140,8637,8653,0,26,0,471
508,ping,254,8156,8629,8653,8156,8653,8669,0,24,0,473
509,pong,254,8172,8645,8669,8172,8669,8685,0,24,0,473
510,ping,255,8188,8663,8685,8188,8685,8701,0,22,0,475
511,pong,255,8204,8679,8701,8204,8701,8717,0,22,0,475
